投稿日,サムネイルURL,再生数,クリック率
2025/12/01,https://img.youtube.com/vi/w6CMSocy_18/maxresdefault.jpg,1342,6.5
2025/12/02,https://img.youtube.com/vi/AbKf2e6fk2I/maxresdefault.jpg,1757,9.1
2025/12/03,https://img.youtube.com/vi/Ae2ju8VmSlE/maxresdefault.jpg,1847,7.3
2025/12/04,https://img.youtube.com/vi/Y_48XzqaAN4/maxresdefault.jpg,552,4.4
2025/12/05,https://img.youtube.com/vi/TNRznNDXg-w/maxresdefault.jpg,900,5.2
2025/12/06,https://img.youtube.com/vi/NrUeCWa82v8/maxresdefault.jpg,1849,7.1
2025/12/07,https://img.youtube.com/vi/vGV-iKwddyY/maxresdefault.jpg,1451,6.7
2025/12/08,https://img.youtube.com/vi/0cxlIxEUh84/maxresdefault.jpg,944,6.2
2025/12/09,https://img.youtube.com/vi/tEj8cNBbovM/maxresdefault.jpg,1284,6.6
2025/12/10,https://img.youtube.com/vi/vJcaJ3XA4Zs/maxresdefault.jpg,1201,8.3
2025/12/11,https://img.youtube.com/vi/a7OR6FZzKcs/maxresdefault.jpg,1416,7.3
2025/12/12,https://img.youtube.com/vi/atbEPg2NKdQ/maxresdefault.jpg,446,3.2
2025/12/13,https://img.youtube.com/vi/SijU--BSDN8/maxresdefault.jpg,829,6.4
2025/12/14,https://img.youtube.com/vi/wGbwtqUqBHg/maxresdefault.jpg,711,4.1
2025/12/15,https://img.youtube.com/vi/NNj2SvWFky8/maxresdefault.jpg,946,5.6
2025/12/16,https://img.youtube.com/vi/hPqbGZQiZCg/maxresdefault.jpg,1341,6.9
2025/12/17,https://img.youtube.com/vi/O5FoVoOMyAs/maxresdefault.jpg,753,4.4
2025/12/18,https://img.youtube.com/vi/wVDrZud7Lds/maxresdefault.jpg,530,4.9
2025/12/19,https://img.youtube.com/vi/ugDjni-9gzI/maxresdefault.jpg,698,4.6
2025/12/20,https://img.youtube.com/vi/j-JPZ0UcFQY/maxresdefault.jpg,611,3.8
2025/12/21,https://img.youtube.com/vi/iOEuIb1hHVU/maxresdefault.jpg,1058,7.9
2025/12/22,https://img.youtube.com/vi/UVJMoOcUawU/maxresdefault.jpg,1322,6.3
2025/12/23,https://img.youtube.com/vi/IC6LVkkC5kQ/maxresdefault.jpg,1117,5.4
2025/12/24,https://img.youtube.com/vi/Hfw2wMA7BCw/maxresdefault.jpg,1547,7
2025/12/25,https://img.youtube.com/vi/1OebgIPPgb8/maxresdefault.jpg,1192,6.4
2025/12/26,https://img.youtube.com/vi/OoiX33lNr-o/maxresdefault.jpg,995,5.5
2025/12/27,https://img.youtube.com/vi/WHc3p0yywgw/maxresdefault.jpg,956,5.7
2025/12/28,https://img.youtube.com/vi/xkD8TpBhPRQ/maxresdefault.jpg,1326,5.9
2025/12/29,https://img.youtube.com/vi/VVh3pjRBJLg/maxresdefault.jpg,1439,6.6
2025/12/30,https://img.youtube.com/vi/wCuzKpwAiaU/maxresdefault.jpg,225,2.1
2025/12/31,https://img.youtube.com/vi/LxVJYXTmwjQ/maxresdefault.jpg,473,3.6
2026/01/01,https://img.youtube.com/vi/2MauKYdJ4cI/maxresdefault.jpg,406,4.7
2026/01/02,https://img.youtube.com/vi/WwAnIPI0lGg/maxresdefault.jpg,731,5.1
2026/01/03,https://img.youtube.com/vi/91ECacrQw5M/maxresdefault.jpg,713,4.2
2026/01/04,https://img.youtube.com/vi/rVU98EAuUgs/maxresdefault.jpg,1028,5.4
2026/01/05,https://img.youtube.com/vi/Oc8fhYNmAW8/maxresdefault.jpg,558,5
2026/01/06,https://img.youtube.com/vi/ASpBOpa8LSc/maxresdefault.jpg,801,7
2026/01/07,https://img.youtube.com/vi/Sao8G0Iz5y8/maxresdefault.jpg,804,4.7
2026/01/08,https://img.youtube.com/vi/67V6mamic2E/maxresdefault.jpg,1112,6.2
2026/01/09,https://img.youtube.com/vi/ENKmT3mOPs8/maxresdefault.jpg,972,5.8
2026/01/10,https://img.youtube.com/vi/d4uTaMLmRLM/maxresdefault.jpg,445,4.5
2026/01/11,https://img.youtube.com/vi/BAhWtCUosMM/maxresdefault.jpg,631,5.3
2026/01/12,https://img.youtube.com/vi/GD60yL8Y9NQ/maxresdefault.jpg,1157,6.6
2026/01/13,https://img.youtube.com/vi/e7Oz_gaj8Uo/maxresdefault.jpg,1674,6.9
2026/01/14,https://img.youtube.com/vi/l99Tz-RZtoE/maxresdefault.jpg,1862,7.6
2026/01/15,https://img.youtube.com/vi/Q9HHdYPR3fE/maxresdefault.jpg,919,7.1
2026/01/16,https://img.youtube.com/vi/75IpUDUKmOk/maxresdefault.jpg,383,2.3
2026/01/17,https://img.youtube.com/vi/xPG5Od9Yj60/maxresdefault.jpg,473,5.2
2026/01/18,https://img.youtube.com/vi/3BjzGGR5a8o/maxresdefault.jpg,1008,6.2
2026/01/19,https://img.youtube.com/vi/yR7TuogC-CY/maxresdefault.jpg,,
2026/01/20,,,
2026/01/21,,,
2026/01/22,,,
2026/01/23,,,
2026/01/24,,,
2026/01/25,,,
2026/01/26,,,
2026/01/27,,,
2026/01/28,,,
2026/01/29,,,
2026/01/30,,,
2026/01/31,,,
2026/02/01,,,
